{
  "project_info": {
    "project_number": "178440021181",
    "project_id": "milestone1-9fdd0",
    "storage_bucket": "milestone1-9fdd0.appspot.com"
  },
  "client": [
    {
      "client_info": {
        "mobilesdk_app_id": "1:178440021181:android:274a13a280e836659603d4",
        "android_client_info": {
          "package_name": "com.example.ms000000000"
        }
      },
      "oauth_client": [],
      "api_key": [
        {
          "current_key": "AIzaSyD6MhcIZPzf6Q167HMfw1xRMcHtOW1Zt5U"
        }
      ],
      "services": {
        "appinvite_service": {
          "other_platform_oauth_client": []
        }
      }
    },
    {
      "client_info": {
        "mobilesdk_app_id": "1:178440021181:android:d8472d0caa5cf3a59603d4",
        "android_client_info": {
          "package_name": "com.example.myapplication"
        }
      },
      "oauth_client": [],
      "api_key": [
        {
          "current_key": "AIzaSyD6MhcIZPzf6Q167HMfw1xRMcHtOW1Zt5U"
        }
      ],
      "services": {
        "appinvite_service": {
          "other_platform_oauth_client": []
        }
      }
    }
  ],
  "configuration_version": "1"
}